DELETE FROM `quest_template` WHERE `entry` = 500204;
DELETE FROM `quest_template` WHERE `entry` = 500205;
DELETE FROM `quest_template` WHERE `entry` = 500206;
DELETE FROM `quest_template` WHERE `entry` = 500207;
DELETE FROM `quest_template` WHERE `entry` = 500208;
DELETE FROM `quest_template` WHERE `entry` = 500209;
DELETE FROM `quest_template` WHERE `entry` = 500210;
DELETE FROM `quest_template` WHERE `entry` = 500211;
DELETE FROM `quest_template` WHERE `entry` = 500212;
DELETE FROM `quest_template` WHERE `entry` = 500213;
DELETE FROM `quest_template` WHERE `entry` = 500214;
DELETE FROM `quest_template` WHERE `entry` = 500215;
DELETE FROM `quest_template` WHERE `entry` = 500216;
DELETE FROM `quest_template` WHERE `entry` = 500217;
DELETE FROM `quest_template` WHERE `entry` = 500219;

INSERT INTO `quest_template` (`entry`, `Method`, `ZoneOrSort`, `SkillOrClassMask`, `MinLevel`, `MaxLevel`, `QuestLevel`, `Type`, `RequiredRaces`, `RequiredSkillValue`, `RepObjectiveFaction`, `RepObjectiveValue`, `RepObjectiveFaction2`, `RepObjectiveValue2`, `RequiredMinRepFaction`, `RequiredMinRepValue`, `RequiredMaxRepFaction`, `RequiredMaxRepValue`, `SuggestedPlayers`, `LimitTime`, `QuestFlags`, `SpecialFlags`, `CharTitleId`, `PlayersSlain`, `BonusTalents`, `RewardArenaPoints`, `PrevQuestId`, `NextQuestId`, `ExclusiveGroup`, `NextQuestInChain`, `RewXPId`, `SrcItemId`, `SrcItemCount`, `SrcSpell`, `Title`, `Details`, `Objectives`, `OfferRewardText`, `RequestItemsText`, `EndText`, `CompletedText`, `ObjectiveText1`, `ObjectiveText2`, `ObjectiveText3`, `ObjectiveText4`, `ReqItemId1`, `ReqItemId2`, `ReqItemId3`, `ReqItemId4`, `ReqItemId5`, `ReqItemId6`, `ReqItemCount1`, `ReqItemCount2`, `ReqItemCount3`, `ReqItemCount4`, `ReqItemCount5`, `ReqItemCount6`, `ReqSourceId1`, `ReqSourceId2`, `ReqSourceId3`, `ReqSourceId4`, `ReqSourceCount1`, `ReqSourceCount2`, `ReqSourceCount3`, `ReqSourceCount4`, `ReqCreatureOrGOId1`, `ReqCreatureOrGOId2`, `ReqCreatureOrGOId3`, `ReqCreatureOrGOId4`, `ReqCreatureOrGOCount1`, `ReqCreatureOrGOCount2`, `ReqCreatureOrGOCount3`, `ReqCreatureOrGOCount4`, `ReqSpellCast1`, `ReqSpellCast2`, `ReqSpellCast3`, `ReqSpellCast4`, `RewChoiceItemId1`, `RewChoiceItemId2`, `RewChoiceItemId3`, `RewChoiceItemId4`, `RewChoiceItemId5`, `RewChoiceItemId6`, `RewChoiceItemCount1`, `RewChoiceItemCount2`, `RewChoiceItemCount3`, `RewChoiceItemCount4`, `RewChoiceItemCount5`, `RewChoiceItemCount6`, `RewItemId1`, `RewItemId2`, `RewItemId3`, `RewItemId4`, `RewItemCount1`, `RewItemCount2`, `RewItemCount3`, `RewItemCount4`, `RewRepFaction1`, `RewRepFaction2`, `RewRepFaction3`, `RewRepFaction4`, `RewRepFaction5`, `RewRepValueId1`, `RewRepValueId2`, `RewRepValueId3`, `RewRepValueId4`, `RewRepValueId5`, `RewRepValue1`, `RewRepValue2`, `RewRepValue3`, `RewRepValue4`, `RewRepValue5`, `RewHonorAddition`, `RewHonorMultiplier`, `unk0`, `RewOrReqMoney`, `RewMoneyMaxLevel`, `RewSpell`, `RewSpellCast`, `RewMailTemplateId`, `RewMailDelaySecs`, `PointMapId`, `PointX`, `PointY`, `PointOpt`, `DetailsEmote1`, `DetailsEmote2`, `DetailsEmote3`, `DetailsEmote4`, `DetailsEmoteDelay1`, `DetailsEmoteDelay2`, `DetailsEmoteDelay3`, `DetailsEmoteDelay4`, `IncompleteEmote`, `CompleteEmote`, `OfferRewardEmote1`, `OfferRewardEmote2`, `OfferRewardEmote3`, `OfferRewardEmote4`, `OfferRewardEmoteDelay1`, `OfferRewardEmoteDelay2`, `OfferRewardEmoteDelay3`, `OfferRewardEmoteDelay4`, `StartScript`, `CompleteScript`, `WDBVerified`) VALUES 
	
('500204', '2', '0', '0', '0', '0', '0', '1', '0', '0', '0', '0', '0', '0', '0', '0', '0', '0', '0', '0', '136', '1', '0', '0', '0', '0', '0', '0', '0', '0', '0', '0', '0', '0', 'Ashes of Alar', 'Dones mi 50x Event marku a ja ti dam Ashes of Alar.', 'Dones mi 50x Event marku a ja ti dam Ashes of Alar.', 'Dones mi 50x Event marku a ja ti dam Ashes of Alar.', 'Dones mi 50x Event marku a ja ti dam Ashes of Alar.', NULL, NULL, 'Dones 50x Event marku ', NULL, NULL, NULL, '500201', '0', '0', '0', '0', '0', '50', '0', '0', '0', '0', '0', '0', '0', '0', '0', '0', '0', '0', '0', '0', '0', '0', '0', '0', '0', '0', '0', '0', '0', '0', '0', '32458', '0', '0', '0', '0', '0', '1', '0', '0', '0', '0', '0', '0', '0', '0', '0', '0', '0', '0', '0', '0', '0', '0', '0', '0', '0', '0', '0', '0', '0', '0', '0', '0', '0', '0', '0', '1', '0', '0', '0', '0', '0', '0', '0', '0', '0', '0', '0', '0', '0', '0', '0', '0', '0', '0', '0', '0', '0', '0', '0', '0', '0', '0', '0', '0', '0', '0', '0', '1'),
	
('500205', '2', '0', '0', '0', '0', '0', '1', '0', '0', '0', '0', '0', '0', '0', '0', '0', '0', '0', '0', '136', '1', '0', '0', '0', '0', '0', '0', '0', '0', '0', '0', '0', '0', 'Reins of the Swift Spectral Tiger', 'Dones mi 25x Event marku a ja ti dam Reins of the Swift Spectral Tiger.', 'Dones mi 25x Event marku a ja ti dam Reins of the Swift Spectral Tiger.', 'Dones mi 25x Event marku a ja ti dam Reins of the Swift Spectral Tiger.', 'Dones mi 25x Event marku a ja ti dam Reins of the Swift Spectral Tiger.', NULL, NULL, 'Dones 25x Event marku ', NULL, NULL, NULL, '500201', '0', '0', '0', '0', '0', '25', '0', '0', '0', '0', '0', '0', '0', '0', '0', '0', '0', '0', '0', '0', '0', '0', '0', '0', '0', '0', '0', '0', '0', '0', '0', '33225', '0', '0', '0', '0', '0', '1', '0', '0', '0', '0', '0', '0', '0', '0', '0', '0', '0', '0', '0', '0', '0', '0', '0', '0', '0', '0', '0', '0', '0', '0', '0', '0', '0', '0', '0', '1', '0', '0', '0', '0', '0', '0', '0', '0', '0', '0', '0', '0', '0', '0', '0', '0', '0', '0', '0', '0', '0', '0', '0', '0', '0', '0', '0', '0', '0', '0', '0', '1'),
	
('500206', '2', '0', '0', '0', '0', '0', '1', '0', '0', '0', '0', '0', '0', '0', '0', '0', '0', '0', '0', '136', '1', '0', '0', '0', '0', '0', '0', '0', '0', '0', '0', '0', '0', 'Reins of the Onyxian Drake', 'Dones mi 60x Event marku a ja ti dam Reins of the Onyxian Drake.', 'Dones mi 60x Event marku a ja ti dam Reins of the Onyxian Drake.', 'Dones mi 60x Event marku a ja ti dam Reins of the Onyxian Drake.', 'Dones mi 60x Event marku a ja ti dam Reins of the Onyxian Drake.', NULL, NULL, 'Dones 60x Event marku ', NULL, NULL, NULL, '500201', '0', '0', '0', '0', '0', '60', '0', '0', '0', '0', '0', '0', '0', '0', '0', '0', '0', '0', '0', '0', '0', '0', '0', '0', '0', '0', '0', '0', '0', '0', '0', '49636', '0', '0', '0', '0', '0', '1', '0', '0', '0', '0', '0', '0', '0', '0', '0', '0', '0', '0', '0', '0', '0', '0', '0', '0', '0', '0', '0', '0', '0', '0', '0', '0', '0', '0', '0', '1', '0', '0', '0', '0', '0', '0', '0', '0', '0', '0', '0', '0', '0', '0', '0', '0', '0', '0', '0', '0', '0', '0', '0', '0', '0', '0', '0', '0', '0', '0', '0', '1'),
	
('500207', '2', '0', '0', '0', '0', '0', '1', '0', '0', '0', '0', '0', '0', '0', '0', '0', '0', '0', '0', '136', '1', '0', '0', '0', '0', '0', '0', '0', '0', '0', '0', '0', '0', 'Reins of the Raven Lord', 'Dones mi 30x Event marku a ja ti dam Raven Lorda.', 'Dones mi 30x Event marku a ja ti dam Raven Lorda.', 'Dones mi 30x Event marku a ja ti dam Raven Lorda.', 'Dones mi 30x Event marku a ja ti dam Raven Lorda.', NULL, NULL, 'Dones 30x Event marku ', NULL, NULL, NULL, '500201', '0', '0', '0', '0', '0', '30', '0', '0', '0', '0', '0', '0', '0', '0', '0', '0', '0', '0', '0', '0', '0', '0', '0', '0', '0', '0', '0', '0', '0', '0', '0', '32768', '0', '0', '0', '0', '0', '1', '0', '0', '0', '0', '0', '0', '0', '0', '0', '0', '0', '0', '0', '0', '0', '0', '0', '0', '0', '0', '0', '0', '0', '0', '0', '0', '0', '0', '0', '1', '0', '0', '0', '0', '0', '0', '0', '0', '0', '0', '0', '0', '0', '0', '0', '0', '0', '0', '0', '0', '0', '0', '0', '0', '0', '0', '0', '0', '0', '0', '0', '1'),
	
('500208', '2', '0', '0', '0', '0', '0', '1', '0', '0', '0', '0', '0', '0', '0', '0', '0', '0', '0', '0', '136', '1', '0', '0', '0', '0', '0', '0', '0', '0', '0', '0', '0', '0', 'Swift Nether Drake', 'Dones mi 50x Event marku a ja ti dam Nether Draka.', 'Dones mi 50x Event marku a ja ti dam Nether Draka.', 'Dones mi 50x Event marku a ja ti dam Nether Draka.', 'Dones mi 50x Event marku a ja ti dam Nether Draka.', NULL, NULL, 'Dones 50x Event marku ', NULL, NULL, NULL, '500201', '0', '0', '0', '0', '0', '50', '0', '0', '0', '0', '0', '0', '0', '0', '0', '0', '0', '0', '0', '0', '0', '0', '0', '0', '0', '0', '0', '0', '0', '0', '0', '30609', '0', '0', '0', '0', '0', '1', '0', '0', '0', '0', '0', '0', '0', '0', '0', '0', '0', '0', '0', '0', '0', '0', '0', '0', '0', '0', '0', '0', '0', '0', '0', '0', '0', '0', '0', '1', '0', '0', '0', '0', '0', '0', '0', '0', '0', '0', '0', '0', '0', '0', '0', '0', '0', '0', '0', '0', '0', '0', '0', '0', '0', '0', '0', '0', '0', '0', '0', '1'),
	
('500209', '2', '0', '0', '0', '0', '0', '1', '0', '0', '0', '0', '0', '0', '0', '0', '0', '0', '0', '0', '136', '1', '0', '0', '0', '0', '0', '0', '0', '0', '0', '0', '0', '0', 'Mimirons Head', 'Dones mi 50x Event marku a ja ti dam Mimirons Head.', 'Dones mi 50x Event marku a ja ti dam Mimirons Head.', 'Dones mi 50x Event marku a ja ti dam Mimirons Head.', 'Dones mi 50x Event marku a ja ti dam Mimirons Head.', NULL, NULL, 'Dones 50x Event marku ', NULL, NULL, NULL, '500201', '0', '0', '0', '0', '0', '50', '0', '0', '0', '0', '0', '0', '0', '0', '0', '0', '0', '0', '0', '0', '0', '0', '0', '0', '0', '0', '0', '0', '0', '0', '0', '45693', '0', '0', '0', '0', '0', '1', '0', '0', '0', '0', '0', '0', '0', '0', '0', '0', '0', '0', '0', '0', '0', '0', '0', '0', '0', '0', '0', '0', '0', '0', '0', '0', '0', '0', '0', '1', '0', '0', '0', '0', '0', '0', '0', '0', '0', '0', '0', '0', '0', '0', '0', '0', '0', '0', '0', '0', '0', '0', '0', '0', '0', '0', '0', '0', '0', '0', '0', '1'),
	
('500210', '2', '0', '0', '0', '0', '0', '1', '0', '0', '0', '0', '0', '0', '0', '0', '0', '0', '0', '0', '136', '1', '0', '0', '0', '0', '0', '0', '0', '0', '0', '0', '0', '0', 'Amani War Bear', 'Dones mi 30x Event marku a ja ti dam Amani War Bear.', 'Dones mi 30x Event marku a ja ti dam Amani War Bear.', 'Dones mi 30x Event marku a ja ti dam Amani War Bear.', 'Dones mi 30x Event marku a ja ti dam Amani War Bear.', NULL, NULL, 'Dones 30x Event marku', NULL, NULL, NULL, '500201', '0', '0', '0', '0', '0', '30', '0', '0', '0', '0', '0', '0', '0', '0', '0', '0', '0', '0', '0', '0', '0', '0', '0', '0', '0', '0', '0', '0', '0', '0', '0', '33809', '0', '0', '0', '0', '0', '1', '0', '0', '0', '0', '0', '0', '0', '0', '0', '0', '0', '0', '0', '0', '0', '0', '0', '0', '0', '0', '0', '0', '0', '0', '0', '0', '0', '0', '0', '1', '0', '0', '0', '0', '0', '0', '0', '0', '0', '0', '0', '0', '0', '0', '0', '0', '0', '0', '0', '0', '0', '0', '0', '0', '0', '0', '0', '0', '0', '0', '0', '1'),
	
(500211, 2, 0, 0, 0, 0, 0, 1, 0, 0, 0, 0, 0, 0, 0, 0, 0, 0, 0, 0, 136, 1, 0, 0, 0, 0, 0, 0, 0, 0, 0, 0, 0, 0, 'Black qiraji battle tank', 'Dones mi 30x Event marku a ja ti dam Black qiraji battle tank.', 'Dones mi 30x Event marku a ja ti dam Black qiraji battle tank.', 'Dones mi 30x Event marku a ja ti dam Black qiraji battle tank.', 'Dones mi 30x Event marku a ja ti dam Black qiraji battle tank.', '', NULL, 'Dones 30x Event marku ', '', '', '', 500201, 0, 0, 0, 0, 0, 30, 0, 0, 0, 0, 0, 0, 0, 0, 0, 0, 0, 0, 0, 0, 0, 0, 0, 0, 0, 0, 0, 0, 0, 0, 0, 21176, 0, 0, 0, 0, 0, 1, 0, 0, 0, 0, 0, 0, 0, 0, 0, 0, 0, 0, 0, 0, 0, 0, 0, 0, 0, 0, 0, 0, 0, 0, 0, 0, 0, 0, 0, 1, 0, 0, 0, 0, 0, 0, 0, 0, 0, 0, 0, 0, 0, 0, 0, 0, 0, 0, 0, 0, 0, 0, 0, 0, 0, 0, 0, 0, 0, 0, 0, 0),
	
(500212, 2, 0, 0, 0, 0, 0, 1, 0, 0, 0, 0, 0, 0, 0, 0, 0, 0, 0, 0, 136, 1, 0, 0, 0, 0, 0, 0, 0, 0, 0, 0, 0, 0, 'Black War Kodo', 'Dones mi 30x Event marku a ja ti dam Black War Kodo.', 'Dones mi 30x Event marku a ja ti dam Black War Kodo.', 'Dones mi 30x Event marku a ja ti dam Black War Kodo.', 'Dones mi 30x Event marku a ja ti dam Black War Kodo.', '', NULL, 'Dones 30x Event marku ', '', '', '', 500201, 0, 0, 0, 0, 0, 30, 0, 0, 0, 0, 0, 0, 0, 0, 0, 0, 0, 0, 0, 0, 0, 0, 0, 0, 0, 0, 0, 0, 0, 0, 0, 29466, 0, 0, 0, 0, 0, 1, 0, 0, 0, 0, 0, 0, 0, 0, 0, 0, 0, 0, 0, 0, 0, 0, 0, 0, 0, 0, 0, 0, 0, 0, 0, 0, 0, 0, 0, 1, 0, 0, 0, 0, 0, 0, 0, 0, 0, 0, 0, 0, 0, 0, 0, 0, 0, 0, 0, 0, 0, 0, 0, 0, 0, 0, 0, 0, 0, 0, 0, 0),
	
(500213, 2, 0, 0, 0, 0, 0, 1, 0, 0, 0, 0, 0, 0, 0, 0, 0, 0, 0, 0, 136, 1, 0, 0, 0, 0, 0, 0, 0, 0, 0, 0, 0, 0, 'Fiery Warhorse', 'Dones mi 30x Event marku a ja ti dam Fiery Warhorse', 'Dones mi 30x Event marku a ja ti dam Fiery Warhorse', 'Dones mi 30x Event marku a ja ti dam Fiery Warhorse', 'Dones mi 30x Event marku a ja ti dam Fiery Warhorse', '', NULL, 'Dones 30x Event marku ', '', '', '', 500201, 0, 0, 0, 0, 0, 30, 0, 0, 0, 0, 0, 0, 0, 0, 0, 0, 0, 0, 0, 0, 0, 0, 0, 0, 0, 0, 0, 0, 0, 0, 0, 30480, 0, 0, 0, 0, 0, 1, 0, 0, 0, 0, 0, 0, 0, 0, 0, 0, 0, 0, 0, 0, 0, 0, 0, 0, 0, 0, 0, 0, 0, 0, 0, 0, 0, 0, 0, 1, 0, 0, 0, 0, 0, 0, 0, 0, 0, 0, 0, 0, 0, 0, 0, 0, 0, 0, 0, 0, 0, 0, 0, 0, 0, 0, 0, 0, 0, 0, 0, 0),
	
('500214', '2', '0', '0', '0', '0', '0', '1', '0', '0', '0', '0', '0', '0', '0', '0', '0', '0', '0', '0', '0', '0', '0', '0', '0', '0', '0', '0', '0', '0', '0', '0', '0', '0', 'Reins of the Black War Tiger', 'Dones mi 30x Event marku a ja ti dam Reins of the Black War Tiger.', 'Dones mi 30x Event marku a ja ti dam Reins of the Black War Tiger.', 'Dones mi 30x Event marku a ja ti dam Reins of the Black War Tiger.', 'Dones mi 30x Event marku a ja ti dam Reins of the Black War Tiger.', NULL, NULL, 'Dones 30x Event marku ', NULL, NULL, NULL, '500201', '0', '0', '0', '0', '0', '30', '0', '0', '0', '0', '0', '0', '0', '0', '0', '0', '0', '0', '0', '0', '0', '0', '0', '0', '0', '0', '0', '0', '0', '0', '0', '29471', '0', '0', '0', '0', '0', '1', '0', '0', '0', '0', '0', '0', '0', '0', '0', '0', '0', '0', '0', '0', '0', '0', '0', '0', '0', '0', '0', '0', '0', '0', '0', '0', '0', '0', '0', '1', '0', '0', '0', '0', '0', '0', '0', '0', '0', '0', '0', '0', '0', '0', '0', '0', '0', '0', '0', '0', '0', '0', '0', '0', '0', '0', '0', '0', '0', '0', '0', '1'),
	
(500215, 2, 0, 0, 0, 0, 0, 1, 0, 0, 0, 0, 0, 0, 0, 0, 0, 0, 0, 0, 136, 1, 0, 0, 0, 0, 0, 0, 0, 0, 0, 0, 0, 0, 'Riding Turtle', 'Dones mi 15x Event marku a ja ti dam Riding Turtle.', 'Dones mi 15x Event marku a ja ti dam Riding Turtle.', 'Dones mi 15x Event marku a ja ti dam Riding Turtle.', 'Dones mi 15x Event marku a ja ti dam Riding Turtle.', '', NULL, 'Dones 15x Event marku ', '', '', '', 500201, 0, 0, 0, 0, 0, 15, 0, 0, 0, 0, 0, 0, 0, 0, 0, 0, 0, 0, 0, 0, 0, 0, 0, 0, 0, 0, 0, 0, 0, 0, 0, 23720, 0, 0, 0, 0, 0, 1, 0, 0, 0, 0, 0, 0, 0, 0, 0, 0, 0, 0, 0, 0, 0, 0, 0, 0, 0, 0, 0, 0, 0, 0, 0, 0, 0, 0, 0, 1, 0, 0, 0, 0, 0, 0, 0, 0, 0, 0, 0, 0, 0, 0, 0, 0, 0, 0, 0, 0, 0, 0, 0, 0, 0, 0, 0, 0, 0, 0, 0, 0),
	
(500216, 2, 0, 0, 0, 0, 0, 1, 0, 0, 0, 0, 0, 0, 0, 0, 0, 0, 0, 0, 136, 1, 0, 0, 0, 0, 0, 0, 0, 0, 0, 0, 0, 0, 'Swift Flying Broom', 'Dones mi 60x Event marku a ja ti dam Swift Flying Broom.', 'Dones mi 60x Event marku a ja ti dam Swift Flying Broom.', 'Dones mi 60x Event marku a ja ti dam Swift Flying Broom.', 'Dones mi 60x Event marku a ja ti dam Swift Flying Broom.', '', NULL, 'Dones 60x Event marku ', '', '', '', 500201, 0, 0, 0, 0, 0, 60, 0, 0, 0, 0, 0, 0, 0, 0, 0, 0, 0, 0, 0, 0, 0, 0, 0, 0, 0, 0, 0, 0, 0, 0, 0, 33182, 0, 0, 0, 0, 0, 1, 0, 0, 0, 0, 0, 0, 0, 0, 0, 0, 0, 0, 0, 0, 0, 0, 0, 0, 0, 0, 0, 0, 0, 0, 0, 0, 0, 0, 0, 1, 0, 0, 0, 0, 0, 0, 0, 0, 0, 0, 0, 0, 0, 0, 0, 0, 0, 0, 0, 0, 0, 0, 0, 0, 0, 0, 0, 0, 0, 0, 0, 0),
(500217, 2, 0, 0, 0, 0, 0, 1, 0, 0, 0, 0, 0, 0, 0, 0, 0, 0, 0, 0, 136, 1, 0, 0, 0, 0, 0, 0, 0, 0, 0, 0, 0, 0, 'Swift Magic Broom', 'Dones mi 20x Event marku a ja ti dam Swift Magic Broom.', 'Dones mi 20x Event marku a ja ti dam Swift Magic Broom.', 'Dones mi 20x Event marku a ja ti dam Swift Magic Broom.', 'Dones mi 20x Event marku a ja ti dam Swift Magic Broom.', '', NULL, 'Dones 20x Event marku ', '', '', '', 500201, 0, 0, 0, 0, 0, 20, 0, 0, 0, 0, 0, 0, 0, 0, 0, 0, 0, 0, 0, 0, 0, 0, 0, 0, 0, 0, 0, 0, 0, 0, 0, 33184, 0, 0, 0, 0, 0, 1, 0, 0, 0, 0, 0, 0, 0, 0, 0, 0, 0, 0, 0, 0, 0, 0, 0, 0, 0, 0, 0, 0, 0, 0, 0, 0, 0, 0, 0, 1, 0, 0, 0, 0, 0, 0, 0, 0, 0, 0, 0, 0, 0, 0, 0, 0, 0, 0, 0, 0, 0, 0, 0, 0, 0, 0, 0, 0, 0, 0, 0, 0),
	
('500219', '2', '0', '0', '0', '0', '0', '1', '0', '0', '0', '0', '0', '0', '0', '0', '0', '0', '0', '0', '0', '0', '0', '0', '0', '0', '0', '0', '0', '0', '0', '0', '0', '0', 'Sea turtle', 'Dones mi 25x Event Marku a ja ti dam Sea turtle.', 'Dones mi 25x Event Marku a ja ti dam Sea turtle.', 'Dones mi 25x Event Marku a ja ti dam Sea turtle.', 'Dones mi 25x Event Marku a ja ti dam Sea turtle.', NULL, NULL, 'Dones 25x Event Marku', NULL, NULL, NULL, '500201', '0', '0', '0', '0', '0', '25', '0', '0', '0', '0', '0', '0', '0', '0', '0', '0', '0', '0', '0', '0', '0', '0', '0', '0', '0', '0', '0', '0', '0', '0', '0', '46109', '0', '0', '0', '0', '0', '1', '0', '0', '0', '0', '0', '0', '0', '0', '0', '0', '0', '0', '0', '0', '0', '0', '0', '0', '0', '0', '0', '0', '0', '0', '0', '0', '0', '0', '0', '1', '0', '0', '0', '0', '0', '0', '0', '0', '0', '0', '0', '0', '0', '0', '0', '0', '0', '0', '0', '0', '0', '0', '0', '0', '0', '0', '0', '0', '0', '0', '0', '1');
	
update `quest_template` set  `RewHonorMultiplier`=0 where `entry` in (500204,500205,500206,500207,500208,500209,500210,500211,500212,500213,500214,500215,500216,500217,500219);



DELETE FROM `creature_template` WHERE `entry`=500200;
INSERT INTO `creature_template` (`entry`, `difficulty_entry_1`, `difficulty_entry_2`, `difficulty_entry_3`, `KillCredit1`, `KillCredit2`, `modelid1`, `modelid2`, `modelid3`, `modelid4`, `name`, `subname`, `IconName`, `gossip_menu_id`, `minlevel`, `maxlevel`, `exp`, `faction_A`, `faction_H`, `npcflag`, `speed_walk`, `speed_run`, `scale`, `rank`, `mindmg`, `maxdmg`, `dmgschool`, `attackpower`, `dmg_multiplier`, `baseattacktime`, `rangeattacktime`, `unit_class`, `unit_flags`, `dynamicflags`, `family`, `trainer_type`, `trainer_spell`, `trainer_class`, `trainer_race`, `minrangedmg`, `maxrangedmg`, `rangedattackpower`, `type`, `type_flags`, `lootid`, `pickpocketloot`, `skinloot`, `resistance1`, `resistance2`, `resistance3`, `resistance4`, `resistance5`, `resistance6`, `spell1`, `spell2`, `spell3`, `spell4`, `spell5`, `spell6`, `spell7`, `spell8`, `PetSpellDataId`, `VehicleId`, `mingold`, `maxgold`, `AIName`, `MovementType`, `InhabitType`, `Health_mod`, `Mana_mod`, `Armor_mod`, `RacialLeader`, `questItem1`, `questItem2`, `questItem3`, `questItem4`, `questItem5`, `questItem6`, `movementId`, `RegenHealth`, `equipment_id`, `mechanic_immune_mask`, `flags_extra`, `ScriptName`, `WDBVerified`) VALUES ('500200', '0', '0', '0', '0', '0', '26644', '0', '26644', '0', 'Event Mark Quester', 'CzechFun', NULL, '0', '80', '80', '0', '35', '35', '3', '1', '1.14286', '1', '2', '1', '1', '0', '1', '1', '0', '0', '1', '0', '0', '0', '0', '0', '0', '0', '0', '0', '0', '7', '0', '0', '0', '0', '0', '0', '0', '0', '0', '0', '0', '0', '0', '0', '0', '0', '0', '0', '0', '0', '0', '0', '', '0', '1', '1', '1', '1', '0', '0', '0', '0', '0', '0', '0', '0', '1', '0', '0', '0', '', '1');

DELETE FROM `creature_questrelation` WHERE `id`=500200;
INSERT INTO `creature_questrelation` (`id`, `quest`) VALUES 
('500200', '500204'),
('500200', '500205'),
('500200', '500206'),
('500200', '500207'),
('500200', '500208'),
('500200', '500209'),
('500200', '500210'),
('500200', '500211'),
('500200', '500212'),
('500200', '500213'),
('500200', '500214'),
('500200', '500215'),
('500200', '500216'),
('500200', '500217'),
('500200', '500219');


DELETE FROM `creature_involvedrelation` WHERE `id`=500200;
INSERT INTO `creature_involvedrelation` (`id`, `quest`) VALUES 
('500200', '500204'),
('500200', '500205'),
('500200', '500206'),
('500200', '500207'),
('500200', '500208'),
('500200', '500209'),
('500200', '500210'),
('500200', '500211'),
('500200', '500212'),
('500200', '500213'),
('500200', '500214'),
('500200', '500215'),
('500200', '500216'),
('500200', '500217'),
('500200', '500219');